<?xml version="1.0" encoding="UTF-8"?>
<!DOCTYPE properties SYSTEM "http://java.sun.com/dtd/properties.dtd">
<properties>
	<entry key ="selectAllMenu">
		SELECT
		       A.MENU_CODE
     	  	 , A.MENU_NAME
     		 , A.UNIT_PRICE
     		 , B.CATEGORY_CODE
     		 , B.CATEGORY_NAME 
  		  FROM MENU A
  		  JOIN CATEGORY B ON(A.CATEGORY_CODE = B.CATEGORY_CODE)
  		 ORDER BY 4
	</entry>
	<entry key="insertMenu">
		INSERT 
		  INTO MENU
		(
		MENU_CODE, MENU_NAME, UNIT_PRICE, CATEGORY_CODE
		) 
		VALUES
		(
		SEQ_MENU_CODE.NEXTVAL, ?, ?, ?
		)
	</entry>
	<entry key="updateMenu">
		UPDATE 
		       MENU A
		   SET A.MENU_NAME = ?
		     , A.UNIT_PRICE = ?
		     , A.CATEGORY_CODE = ?
		 WHERE A.MENU_CODE = ?
	</entry>
	<entry key ="deleteMenu">
		DELETE
		  FROM MENU A
		 WHERE A.MENU_CODE = ?
	</entry>
</properties>






